--
-- PostgreSQL database dump
--

-- Dumped from database version 14.17 (Homebrew)
-- Dumped by pg_dump version 14.17 (Homebrew)

SET statement_timeout = 0;
SET lock_timeout = 0;
SET idle_in_transaction_session_timeout = 0;
SET client_encoding = 'UTF8';
SET standard_conforming_strings = on;
SELECT pg_catalog.set_config('search_path', '', false);
SET check_function_bodies = false;
SET xmloption = content;
SET client_min_messages = warning;
SET row_security = off;

--
-- Data for Name: lobs; Type: TABLE DATA; Schema: public; Owner: -
--

SET SESSION AUTHORIZATION DEFAULT;

ALTER TABLE public.lobs DISABLE TRIGGER ALL;

INSERT INTO public.lobs (lob_id, lob_name, created_at, updated_at, created_by_id, updated_by_id) VALUES (337, 'Retail Banking', '2025-06-01 17:50:26.886688-04', '2025-06-01 17:50:26.886688-04', NULL, NULL);
INSERT INTO public.lobs (lob_id, lob_name, created_at, updated_at, created_by_id, updated_by_id) VALUES (338, 'GBM', '2025-06-07 13:50:45.684687-04', '2025-06-07 13:50:45.684687-04', NULL, NULL);
INSERT INTO public.lobs (lob_id, lob_name, created_at, updated_at, created_by_id, updated_by_id) VALUES (344, 'Commercial Banking', '2025-06-15 15:44:46.956169-04', '2025-06-15 15:44:46.956169-04', NULL, NULL);
INSERT INTO public.lobs (lob_id, lob_name, created_at, updated_at, created_by_id, updated_by_id) VALUES (345, 'Investment Banking', '2025-06-15 15:44:46.956169-04', '2025-06-15 15:44:46.956169-04', NULL, NULL);
INSERT INTO public.lobs (lob_id, lob_name, created_at, updated_at, created_by_id, updated_by_id) VALUES (346, 'Risk Management', '2025-06-15 15:44:46.956169-04', '2025-06-15 15:44:46.956169-04', NULL, NULL);
INSERT INTO public.lobs (lob_id, lob_name, created_at, updated_at, created_by_id, updated_by_id) VALUES (347, 'Compliance', '2025-06-15 15:44:46.956169-04', '2025-06-15 15:44:46.956169-04', NULL, NULL);
INSERT INTO public.lobs (lob_id, lob_name, created_at, updated_at, created_by_id, updated_by_id) VALUES (1, 'Consumer Banking', '2025-06-18 07:39:17.682028-04', '2025-06-18 07:39:17.682028-04', NULL, NULL);
INSERT INTO public.lobs (lob_id, lob_name, created_at, updated_at, created_by_id, updated_by_id) VALUES (348, 'Credit Cards', '2025-06-21 14:45:06.073215-04', '2025-06-21 14:45:06.073215-04', NULL, NULL);


ALTER TABLE public.lobs ENABLE TRIGGER ALL;

--
-- Data for Name: users; Type: TABLE DATA; Schema: public; Owner: -
--

ALTER TABLE public.users DISABLE TRIGGER ALL;

INSERT INTO public.users (user_id, first_name, last_name, email, phone, role, lob_id, is_active, hashed_password, created_at, updated_at, is_cdo) VALUES (257, 'Executive', 'Owner', 'exec@synapse.com', NULL, 'Report Executive', 337, true, '$2b$12$EtiFUzkRVaKSySIBbVa1Qu1XzQfI/WCIHjxALZNpbIk8nL2I4w.am', '2025-06-15 12:48:18.999056-04', '2025-06-15 12:48:18.999056-04', false);
INSERT INTO public.users (user_id, first_name, last_name, email, phone, role, lob_id, is_active, hashed_password, created_at, updated_at, is_cdo) VALUES (244, 'Chief', 'DataOfficer', 'cdo@synapse.com', NULL, 'Data Executive', 337, true, '$2b$12$EtiFUzkRVaKSySIBbVa1Qu1XzQfI/WCIHjxALZNpbIk8nL2I4w.am', '2025-06-15 12:04:56.724212-04', '2025-06-17 17:36:04.015082-04', false);
INSERT INTO public.users (user_id, first_name, last_name, email, phone, role, lob_id, is_active, hashed_password, created_at, updated_at, is_cdo) VALUES (254, 'Test', 'Manager', 'testmgr@synapse.com', NULL, 'Test Executive', 337, true, '$2b$12$EtiFUzkRVaKSySIBbVa1Qu1XzQfI/WCIHjxALZNpbIk8nL2I4w.am', '2025-06-15 12:48:18.999056-04', '2025-06-15 12:48:18.999056-04', false);
INSERT INTO public.users (user_id, first_name, last_name, email, phone, role, lob_id, is_active, hashed_password, created_at, updated_at, is_cdo) VALUES (258, 'Data', 'Provider', 'provider@synapse.com', NULL, 'Data Owner', 337, true, '$2b$12$EtiFUzkRVaKSySIBbVa1Qu1XzQfI/WCIHjxALZNpbIk8nL2I4w.am', '2025-06-15 12:48:18.999056-04', '2025-06-15 12:48:18.999056-04', false);
INSERT INTO public.users (user_id, first_name, last_name, email, phone, role, lob_id, is_active, hashed_password, created_at, updated_at, is_cdo) VALUES (2, 'Test', 'Manager', 'test.manager@example.com', NULL, 'Test Executive', 337, true, '$2b$12$H5pY9NJJemeIpzBK.HAJ7.iu61HP7uE5Bso6b0vYEK9Bh3/BfugL6', '2025-06-01 17:50:47.758548-04', '2025-06-07 12:43:32.273177-04', false);
INSERT INTO public.users (user_id, first_name, last_name, email, phone, role, lob_id, is_active, hashed_password, created_at, updated_at, is_cdo) VALUES (6, 'Lisa', 'Chen', 'data.provider@example.com', NULL, 'Data Owner', 338, true, '$2b$12$H5pY9NJJemeIpzBK.HAJ7.iu61HP7uE5Bso6b0vYEK9Bh3/BfugL6', '2025-06-01 17:51:02.728714-04', '2025-06-07 12:43:32.273177-04', false);
INSERT INTO public.users (user_id, first_name, last_name, email, phone, role, lob_id, is_active, hashed_password, created_at, updated_at, is_cdo) VALUES (246, 'Test', 'Tester', 'test_tester@synapse.com', NULL, 'Tester', 337, true, '$2b$12$onAbvKmzfICaOJC2sossUeK39wkQ3uSIvXBF8LLf7ryhhSj0kKjDi', '2025-06-15 12:06:02.720978-04', '2025-06-18 12:49:00.156586-04', false);
INSERT INTO public.users (user_id, first_name, last_name, email, phone, role, lob_id, is_active, hashed_password, created_at, updated_at, is_cdo) VALUES (4, 'Mike', 'Johnson', 'report.owner@example.com', NULL, 'Report Owner', 337, true, '$2b$12$H5pY9NJJemeIpzBK.HAJ7.iu61HP7uE5Bso6b0vYEK9Bh3/BfugL6', '2025-06-01 17:51:02.367197-04', '2025-06-07 12:43:32.273177-04', false);
INSERT INTO public.users (user_id, first_name, last_name, email, phone, role, lob_id, is_active, hashed_password, created_at, updated_at, is_cdo) VALUES (279, 'Test', 'Executive', 'test_executive@example.com', NULL, 'Test Executive', 337, true, '$2b$12$2tufWYFAjxA3fTvcIzLblefzRwIh3j4RmvAoHSXir545fq542c0ay', '2025-06-15 22:17:48.07677-04', '2025-06-15 22:17:48.07677-04', false);
INSERT INTO public.users (user_id, first_name, last_name, email, phone, role, lob_id, is_active, hashed_password, created_at, updated_at, is_cdo) VALUES (281, 'Report Owner', 'Executive', 'report_owner_executive@example.com', NULL, 'Report Executive', 337, true, '$2b$12$2JJ7A.08mxp.m2L.Dn38beHlOR4caP5wnFHSQzlM8EMw2kGERrjFi', '2025-06-15 22:17:48.07677-04', '2025-06-15 22:17:48.07677-04', false);
INSERT INTO public.users (user_id, first_name, last_name, email, phone, role, lob_id, is_active, hashed_password, created_at, updated_at, is_cdo) VALUES (282, 'Data', 'Owner', 'data_owner@example.com', NULL, 'Data Owner', 337, true, '$2b$12$b54FbBxqK2CGim6XwgXYaOwTRx5r60gHy71ieDdikV5gSM3vp.APy', '2025-06-15 22:17:48.07677-04', '2025-06-15 22:17:48.07677-04', false);
INSERT INTO public.users (user_id, first_name, last_name, email, phone, role, lob_id, is_active, hashed_password, created_at, updated_at, is_cdo) VALUES (283, 'Data', 'Executive', 'data_executive@example.com', NULL, 'Data Executive', 337, true, '$2b$12$WokYrrhTgHw61eL7upb4e.yN2/ak67YCfTfY5nLDMd5xRHV7.M1iu', '2025-06-15 22:17:48.07677-04', '2025-06-15 22:17:48.07677-04', false);
INSERT INTO public.users (user_id, first_name, last_name, email, phone, role, lob_id, is_active, hashed_password, created_at, updated_at, is_cdo) VALUES (345, 'Jane', 'Doe', 'jane.doe@example.com', NULL, 'Tester', NULL, true, '$2b$12$X96ydl7JxZk6VoXEJYlWZOjsBh9kWrzMdbub.YRVllFCshhA/qzw6', '2025-06-21 13:51:18.186299-04', '2025-06-21 13:51:18.186299-04', false);
INSERT INTO public.users (user_id, first_name, last_name, email, phone, role, lob_id, is_active, hashed_password, created_at, updated_at, is_cdo) VALUES (1, 'Admin', 'User', 'admin@synapsedt.com', NULL, 'Admin', 337, true, '$2b$12$vHsAJ1VXVkDdeHF/XcqSPuFsq5sWYXjffdC82fPzz2grhW52ZvZl.', '2025-06-01 17:50:40.262461-04', '2025-06-17 15:55:54.150378-04', false);
INSERT INTO public.users (user_id, first_name, last_name, email, phone, role, lob_id, is_active, hashed_password, created_at, updated_at, is_cdo) VALUES (362, 'Test', 'User', 'test.1752981329.237315@example.com', NULL, 'Tester', NULL, true, '$2b$12$PgV40zIywl1csvePwxPm8.6mL6lDiz5GfgNCrX4Z7h/L7oCcevD5K', '2025-07-19 23:15:29.248944-04', '2025-07-19 23:15:29.248944-04', false);
INSERT INTO public.users (user_id, first_name, last_name, email, phone, role, lob_id, is_active, hashed_password, created_at, updated_at, is_cdo) VALUES (363, 'Test', 'User', 'test@example.com', NULL, 'Tester', NULL, true, '$2b$12$5J6IBP1b25YZWGfkdp.WnuElyvtwZFCURj5.YwEpOMhCMcuO/33me', '2025-07-20 21:18:54.593344-04', '2025-07-20 21:18:54.593344-04', false);
INSERT INTO public.users (user_id, first_name, last_name, email, phone, role, lob_id, is_active, hashed_password, created_at, updated_at, is_cdo) VALUES (238, 'Admin', 'User', 'admin@example.com', '1234567899', 'Admin', NULL, true, '$2b$12$zfK7r6g3cd1BOe22.sXpv.gY3.Lp0P0C5BBYB64Jd3rh.H86iyAHC', '2025-06-13 13:51:10.059128-04', '2025-07-25 21:50:15.744288-04', false);
INSERT INTO public.users (user_id, first_name, last_name, email, phone, role, lob_id, is_active, hashed_password, created_at, updated_at, is_cdo) VALUES (280, 'Report', 'Owner', 'report_owner@example.com', NULL, 'Report Owner', 337, true, '$2b$12$GD0.V26HEcTsRcnWPoqblOkaDrM1FV6yS1zGlmZtXnyTA9jFnrhPe', '2025-06-15 22:17:48.07677-04', '2025-07-25 21:50:15.927638-04', false);
INSERT INTO public.users (user_id, first_name, last_name, email, phone, role, lob_id, is_active, hashed_password, created_at, updated_at, is_cdo) VALUES (358, 'System', 'Admin', 'admin@synapse.com', NULL, 'Admin', 337, true, '$2b$12$AJzgSmiZ0n4fHdWPZoSgSunzPuXLDH1NBUP6Gn9ibK3AbWTFgcU2u', '2025-07-12 22:17:36.012837-04', '2025-07-17 13:08:42.906297-04', false);
INSERT INTO public.users (user_id, first_name, last_name, email, phone, role, lob_id, is_active, hashed_password, created_at, updated_at, is_cdo) VALUES (359, 'Test', 'Executive', 'executive@synapse.com', NULL, 'Test Executive', 337, true, '$2b$12$.RcRR1EBMx47/rRcyRzhD.TQigzQ8zCCifxbZnTa020rR/fnAOmqq', '2025-07-12 22:17:36.012837-04', '2025-07-17 13:08:42.906297-04', false);
INSERT INTO public.users (user_id, first_name, last_name, email, phone, role, lob_id, is_active, hashed_password, created_at, updated_at, is_cdo) VALUES (360, 'Data', 'Executive', 'dataexec@synapse.com', NULL, 'Data Executive', 337, true, '$2b$12$xqWV8wpozCXFAHR4Bn4M/ehbpnR7zfBteMntaIevoXfJttDSNaRc6', '2025-07-12 22:17:36.012837-04', '2025-07-17 13:08:42.906297-04', false);
INSERT INTO public.users (user_id, first_name, last_name, email, phone, role, lob_id, is_active, hashed_password, created_at, updated_at, is_cdo) VALUES (255, 'Test', 'Tester', 'tester@synapse.com', NULL, 'Tester', 337, true, '$2b$12$Neooi0pM5x9h2ta4UjOxb.bkCnaBKQ/T0uzQLbqVgrus6bWgdUKR6', '2025-06-15 12:48:18.999056-04', '2025-07-17 13:08:42.906297-04', false);
INSERT INTO public.users (user_id, first_name, last_name, email, phone, role, lob_id, is_active, hashed_password, created_at, updated_at, is_cdo) VALUES (361, 'Data', 'Owner', 'dataowner@synapse.com', NULL, 'Data Owner', 337, true, '$2b$12$8ZZuFdtFCI3Ep/uhspRn.uQz4OjA6XoZmSIoZTx23DBaiThohSc.2', '2025-07-12 22:17:36.012837-04', '2025-07-17 13:08:42.906297-04', false);
INSERT INTO public.users (user_id, first_name, last_name, email, phone, role, lob_id, is_active, hashed_password, created_at, updated_at, is_cdo) VALUES (256, 'Report', 'Owner', 'owner@synapse.com', NULL, 'Report Owner', 337, true, '$2b$12$LFSizpqCMD5dRbNmVlHU4emDQ7u8ENgJvdW4hjf2qcctRZLldpRXu', '2025-06-15 12:48:18.999056-04', '2025-07-17 14:50:10.428862-04', false);
INSERT INTO public.users (user_id, first_name, last_name, email, phone, role, lob_id, is_active, hashed_password, created_at, updated_at, is_cdo) VALUES (5, 'David', 'Brown', 'cdo@example.com', NULL, 'Data Executive', 338, true, '$2b$12$H5pY9NJJemeIpzBK.HAJ7.iu61HP7uE5Bso6b0vYEK9Bh3/BfugL6', '2025-06-01 17:51:02.546678-04', '2025-06-07 12:43:32.273177-04', true);
INSERT INTO public.users (user_id, first_name, last_name, email, phone, role, lob_id, is_active, hashed_password, created_at, updated_at, is_cdo) VALUES (3, 'Test', 'User', 'tester@example.com', NULL, 'Tester', 338, true, '$2b$12$qcQV04NOP/QW3Dvqb9TmyuMRMeCIC9BQ2MO0t04af2vhvRdboM.nG', '2025-06-01 17:50:53.868693-04', '2025-07-25 21:50:16.104188-04', false);


ALTER TABLE public.users ENABLE TRIGGER ALL;

--
-- Data for Name: workflow_activity_dependencies; Type: TABLE DATA; Schema: public; Owner: -
--

ALTER TABLE public.workflow_activity_dependencies DISABLE TRIGGER ALL;

INSERT INTO public.workflow_activity_dependencies (dependency_id, phase_name, activity_name, depends_on_activity, dependency_type, is_active, created_at, created_by_id, updated_by_id) VALUES (37, 'Planning', 'Review Generated Attributes', 'Generate Attributes', 'completion', true, '2025-07-11 08:54:50.823319-04', NULL, NULL);
INSERT INTO public.workflow_activity_dependencies (dependency_id, phase_name, activity_name, depends_on_activity, dependency_type, is_active, created_at, created_by_id, updated_by_id) VALUES (38, 'Planning', 'Submit for Approval', 'Review Generated Attributes', 'completion', true, '2025-07-11 08:54:50.823319-04', NULL, NULL);
INSERT INTO public.workflow_activity_dependencies (dependency_id, phase_name, activity_name, depends_on_activity, dependency_type, is_active, created_at, created_by_id, updated_by_id) VALUES (39, 'Planning', 'Report Owner Approval', 'Submit for Approval', 'completion', true, '2025-07-11 08:54:50.823319-04', NULL, NULL);
INSERT INTO public.workflow_activity_dependencies (dependency_id, phase_name, activity_name, depends_on_activity, dependency_type, is_active, created_at, created_by_id, updated_by_id) VALUES (40, 'Planning', 'Complete Planning Phase', 'Report Owner Approval', 'approval', true, '2025-07-11 08:54:50.823319-04', NULL, NULL);
INSERT INTO public.workflow_activity_dependencies (dependency_id, phase_name, activity_name, depends_on_activity, dependency_type, is_active, created_at, created_by_id, updated_by_id) VALUES (41, 'Scoping', 'Review Scoping Results', 'Execute Scoping', 'completion', true, '2025-07-11 08:54:50.823319-04', NULL, NULL);
INSERT INTO public.workflow_activity_dependencies (dependency_id, phase_name, activity_name, depends_on_activity, dependency_type, is_active, created_at, created_by_id, updated_by_id) VALUES (42, 'Scoping', 'Scoping Approval', 'Review Scoping Results', 'completion', true, '2025-07-11 08:54:50.823319-04', NULL, NULL);
INSERT INTO public.workflow_activity_dependencies (dependency_id, phase_name, activity_name, depends_on_activity, dependency_type, is_active, created_at, created_by_id, updated_by_id) VALUES (43, 'Scoping', 'Complete Scoping Phase', 'Scoping Approval', 'approval', true, '2025-07-11 08:54:50.823319-04', NULL, NULL);
INSERT INTO public.workflow_activity_dependencies (dependency_id, phase_name, activity_name, depends_on_activity, dependency_type, is_active, created_at, created_by_id, updated_by_id) VALUES (44, 'Sample Selection', 'Review and Tag Samples', 'Generate Samples', 'completion', true, '2025-07-11 08:54:50.823319-04', NULL, NULL);
INSERT INTO public.workflow_activity_dependencies (dependency_id, phase_name, activity_name, depends_on_activity, dependency_type, is_active, created_at, created_by_id, updated_by_id) VALUES (45, 'Sample Selection', 'Complete Sample Selection', 'Review and Tag Samples', 'completion', true, '2025-07-11 08:54:50.823319-04', NULL, NULL);
INSERT INTO public.workflow_activity_dependencies (dependency_id, phase_name, activity_name, depends_on_activity, dependency_type, is_active, created_at, created_by_id, updated_by_id) VALUES (46, 'Request for Information', 'Upload Data', 'Send Data Request', 'completion', true, '2025-07-11 08:54:50.823319-04', NULL, NULL);
INSERT INTO public.workflow_activity_dependencies (dependency_id, phase_name, activity_name, depends_on_activity, dependency_type, is_active, created_at, created_by_id, updated_by_id) VALUES (47, 'Request for Information', 'Validate Data Upload', 'Upload Data', 'completion', true, '2025-07-11 08:54:50.823319-04', NULL, NULL);
INSERT INTO public.workflow_activity_dependencies (dependency_id, phase_name, activity_name, depends_on_activity, dependency_type, is_active, created_at, created_by_id, updated_by_id) VALUES (48, 'Request for Information', 'Generate Test Cases', 'Validate Data Upload', 'completion', true, '2025-07-11 08:54:50.823319-04', NULL, NULL);
INSERT INTO public.workflow_activity_dependencies (dependency_id, phase_name, activity_name, depends_on_activity, dependency_type, is_active, created_at, created_by_id, updated_by_id) VALUES (49, 'Test Execution', 'Review Test Results', 'Execute Tests', 'completion', true, '2025-07-11 08:54:50.823319-04', NULL, NULL);
INSERT INTO public.workflow_activity_dependencies (dependency_id, phase_name, activity_name, depends_on_activity, dependency_type, is_active, created_at, created_by_id, updated_by_id) VALUES (50, 'Test Execution', 'Document Test Evidence', 'Execute Tests', 'completion', true, '2025-07-11 08:54:50.823319-04', NULL, NULL);
INSERT INTO public.workflow_activity_dependencies (dependency_id, phase_name, activity_name, depends_on_activity, dependency_type, is_active, created_at, created_by_id, updated_by_id) VALUES (51, 'Observation Management', 'Review Observations', 'Create Observations', 'completion', true, '2025-07-11 08:54:50.823319-04', NULL, NULL);
INSERT INTO public.workflow_activity_dependencies (dependency_id, phase_name, activity_name, depends_on_activity, dependency_type, is_active, created_at, created_by_id, updated_by_id) VALUES (52, 'Observation Management', 'Data Owner Response', 'Review Observations', 'completion', true, '2025-07-11 08:54:50.823319-04', NULL, NULL);
INSERT INTO public.workflow_activity_dependencies (dependency_id, phase_name, activity_name, depends_on_activity, dependency_type, is_active, created_at, created_by_id, updated_by_id) VALUES (53, 'Observation Management', 'Finalize Observations', 'Data Owner Response', 'completion', true, '2025-07-11 08:54:50.823319-04', NULL, NULL);


ALTER TABLE public.workflow_activity_dependencies ENABLE TRIGGER ALL;

--
-- Data for Name: workflow_activity_templates; Type: TABLE DATA; Schema: public; Owner: -
--

ALTER TABLE public.workflow_activity_templates DISABLE TRIGGER ALL;

INSERT INTO public.workflow_activity_templates (template_id, phase_name, activity_name, activity_type, activity_order, description, is_manual, is_optional, required_role, auto_complete_on_event, is_active, created_at, updated_at, handler_name, timeout_seconds, retry_policy, conditional_expression, execution_mode, created_by_id, updated_by_id) VALUES (137, 'Observation Management', 'Finalize Observations', 'APPROVAL', 5, 'Finalize observation status', true, false, 'Tester', NULL, true, '2025-07-11 08:49:49.623656-04', '2025-07-11 08:49:49.623656-04', 'ManualActivityHandler', 172800, NULL, NULL, 'parallel', NULL, NULL);
INSERT INTO public.workflow_activity_templates (template_id, phase_name, activity_name, activity_type, activity_order, description, is_manual, is_optional, required_role, auto_complete_on_event, is_active, created_at, updated_at, handler_name, timeout_seconds, retry_policy, conditional_expression, execution_mode, created_by_id, updated_by_id) VALUES (123, 'Request for Information', 'Send Data Request', 'TASK', 2, 'Send data upload request to data owner', false, false, NULL, NULL, true, '2025-07-11 08:49:49.623656-04', '2025-07-11 08:49:49.623656-04', 'SendDataRequestHandler', 300, '{"max_attempts": 3, "initial_interval": 2, "max_interval": 60, "backoff": 2}', NULL, 'parallel', NULL, NULL);
INSERT INTO public.workflow_activity_templates (template_id, phase_name, activity_name, activity_type, activity_order, description, is_manual, is_optional, required_role, auto_complete_on_event, is_active, created_at, updated_at, handler_name, timeout_seconds, retry_policy, conditional_expression, execution_mode, created_by_id, updated_by_id) VALUES (145, 'Data Profiling', 'Report Owner Rule Approval', 'APPROVAL', 4, 'Report Owner reviews and approves/rejects data profiling rules submitted by Tester. Each rule can be individually approved or rejected with feedback.', false, false, 'Report Owner', NULL, true, '2025-07-15 22:56:36.678116-04', '2025-07-15 22:56:36.678116-04', 'ReportOwnerRuleApprovalHandler', 86400, '{"max_retries": 3, "retry_delay": 300}', NULL, 'sequential', NULL, NULL);
INSERT INTO public.workflow_activity_templates (template_id, phase_name, activity_name, activity_type, activity_order, description, is_manual, is_optional, required_role, auto_complete_on_event, is_active, created_at, updated_at, handler_name, timeout_seconds, retry_policy, conditional_expression, execution_mode, created_by_id, updated_by_id) VALUES (141, 'Finalize Test Report', 'Review Report Draft', 'REVIEW', 3, 'Review and edit report draft', true, false, 'Tester', NULL, true, '2025-07-11 08:49:49.623656-04', '2025-07-11 08:49:49.623656-04', 'ManualActivityHandler', 86400, NULL, NULL, 'sequential', NULL, NULL);
INSERT INTO public.workflow_activity_templates (template_id, phase_name, activity_name, activity_type, activity_order, description, is_manual, is_optional, required_role, auto_complete_on_event, is_active, created_at, updated_at, handler_name, timeout_seconds, retry_policy, conditional_expression, execution_mode, created_by_id, updated_by_id) VALUES (124, 'Request for Information', 'Upload Data', 'TASK', 3, 'Data owner uploads requested data', true, false, 'Data Owner', NULL, true, '2025-07-11 08:49:49.623656-04', '2025-07-11 08:49:49.623656-04', 'ManualActivityHandler', 86400, NULL, NULL, 'parallel', NULL, NULL);
INSERT INTO public.workflow_activity_templates (template_id, phase_name, activity_name, activity_type, activity_order, description, is_manual, is_optional, required_role, auto_complete_on_event, is_active, created_at, updated_at, handler_name, timeout_seconds, retry_policy, conditional_expression, execution_mode, created_by_id, updated_by_id) VALUES (130, 'Test Execution', 'Review Test Results', 'REVIEW', 3, 'Review automated test results', true, true, 'Tester', NULL, true, '2025-07-11 08:49:49.623656-04', '2025-07-11 08:49:49.623656-04', 'ManualActivityHandler', 86400, NULL, NULL, 'parallel', NULL, NULL);
INSERT INTO public.workflow_activity_templates (template_id, phase_name, activity_name, activity_type, activity_order, description, is_manual, is_optional, required_role, auto_complete_on_event, is_active, created_at, updated_at, handler_name, timeout_seconds, retry_policy, conditional_expression, execution_mode, created_by_id, updated_by_id) VALUES (131, 'Test Execution', 'Document Test Evidence', 'TASK', 4, 'Document test execution evidence', true, false, 'Tester', NULL, true, '2025-07-11 08:49:49.623656-04', '2025-07-11 08:49:49.623656-04', 'ManualActivityHandler', 86400, NULL, NULL, 'parallel', NULL, NULL);
INSERT INTO public.workflow_activity_templates (template_id, phase_name, activity_name, activity_type, activity_order, description, is_manual, is_optional, required_role, auto_complete_on_event, is_active, created_at, updated_at, handler_name, timeout_seconds, retry_policy, conditional_expression, execution_mode, created_by_id, updated_by_id) VALUES (98, 'Planning', 'Review Generated Attributes', 'REVIEW', 3, 'Tester reviews and modifies generated attributes', true, false, 'Tester', NULL, true, '2025-07-11 08:49:49.623656-04', '2025-07-11 08:49:49.623656-04', 'ManualActivityHandler', 86400, NULL, NULL, 'sequential', NULL, NULL);
INSERT INTO public.workflow_activity_templates (template_id, phase_name, activity_name, activity_type, activity_order, description, is_manual, is_optional, required_role, auto_complete_on_event, is_active, created_at, updated_at, handler_name, timeout_seconds, retry_policy, conditional_expression, execution_mode, created_by_id, updated_by_id) VALUES (109, 'Scoping', 'Review Scoping Results', 'REVIEW', 3, 'Review and adjust scoping decisions', true, false, 'Tester', NULL, true, '2025-07-11 08:49:49.623656-04', '2025-07-11 08:49:49.623656-04', 'ManualActivityHandler', 86400, NULL, NULL, 'sequential', NULL, NULL);
INSERT INTO public.workflow_activity_templates (template_id, phase_name, activity_name, activity_type, activity_order, description, is_manual, is_optional, required_role, auto_complete_on_event, is_active, created_at, updated_at, handler_name, timeout_seconds, retry_policy, conditional_expression, execution_mode, created_by_id, updated_by_id) VALUES (110, 'Scoping', 'Scoping Approval', 'APPROVAL', 4, 'Approve final scope', true, false, 'Report Owner', NULL, true, '2025-07-11 08:49:49.623656-04', '2025-07-11 08:49:49.623656-04', 'ManualActivityHandler', 172800, NULL, NULL, 'sequential', NULL, NULL);
INSERT INTO public.workflow_activity_templates (template_id, phase_name, activity_name, activity_type, activity_order, description, is_manual, is_optional, required_role, auto_complete_on_event, is_active, created_at, updated_at, handler_name, timeout_seconds, retry_policy, conditional_expression, execution_mode, created_by_id, updated_by_id) VALUES (114, 'Sample Selection', 'Review and Tag Samples', 'TASK', 3, 'Review samples and ensure LOB tags are correct', true, false, 'Tester', NULL, true, '2025-07-11 08:49:49.623656-04', '2025-07-11 08:49:49.623656-04', 'ManualActivityHandler', 86400, NULL, NULL, 'sequential', NULL, NULL);
INSERT INTO public.workflow_activity_templates (template_id, phase_name, activity_name, activity_type, activity_order, description, is_manual, is_optional, required_role, auto_complete_on_event, is_active, created_at, updated_at, handler_name, timeout_seconds, retry_policy, conditional_expression, execution_mode, created_by_id, updated_by_id) VALUES (115, 'Sample Selection', 'Upload Additional Samples', 'TASK', 4, 'Upload any additional manual samples', true, true, 'Tester', NULL, true, '2025-07-11 08:49:49.623656-04', '2025-07-11 08:49:49.623656-04', 'ManualActivityHandler', 86400, NULL, NULL, 'sequential', NULL, NULL);
INSERT INTO public.workflow_activity_templates (template_id, phase_name, activity_name, activity_type, activity_order, description, is_manual, is_optional, required_role, auto_complete_on_event, is_active, created_at, updated_at, handler_name, timeout_seconds, retry_policy, conditional_expression, execution_mode, created_by_id, updated_by_id) VALUES (118, 'Data Owner Identification', 'Assign LOB Executives', 'TASK', 2, 'CDO assigns LOB executives based on sample tags', true, false, 'CDO', NULL, true, '2025-07-11 08:49:49.623656-04', '2025-07-11 08:49:49.623656-04', 'ManualActivityHandler', 86400, NULL, NULL, 'sequential', NULL, NULL);
INSERT INTO public.workflow_activity_templates (template_id, phase_name, activity_name, activity_type, activity_order, description, is_manual, is_optional, required_role, auto_complete_on_event, is_active, created_at, updated_at, handler_name, timeout_seconds, retry_policy, conditional_expression, execution_mode, created_by_id, updated_by_id) VALUES (119, 'Data Owner Identification', 'Assign Data Owners', 'TASK', 3, 'LOB executives assign data owners', true, false, 'Report Owner Executive', NULL, true, '2025-07-11 08:49:49.623656-04', '2025-07-11 08:49:49.623656-04', 'ManualActivityHandler', 86400, NULL, NULL, 'sequential', NULL, NULL);
INSERT INTO public.workflow_activity_templates (template_id, phase_name, activity_name, activity_type, activity_order, description, is_manual, is_optional, required_role, auto_complete_on_event, is_active, created_at, updated_at, handler_name, timeout_seconds, retry_policy, conditional_expression, execution_mode, created_by_id, updated_by_id) VALUES (120, 'Data Owner Identification', 'Assign Data Providers', 'TASK', 4, 'Data owners assign data providers', true, false, 'Data Owner', NULL, true, '2025-07-11 08:49:49.623656-04', '2025-07-11 08:49:49.623656-04', 'ManualActivityHandler', 86400, NULL, NULL, 'sequential', NULL, NULL);
INSERT INTO public.workflow_activity_templates (template_id, phase_name, activity_name, activity_type, activity_order, description, is_manual, is_optional, required_role, auto_complete_on_event, is_active, created_at, updated_at, handler_name, timeout_seconds, retry_policy, conditional_expression, execution_mode, created_by_id, updated_by_id) VALUES (99, 'Planning', 'Submit for Approval', 'REVIEW', 4, 'Submit attributes for report owner approval', true, false, 'Tester', NULL, true, '2025-07-11 08:49:49.623656-04', '2025-07-11 08:49:49.623656-04', 'ManualActivityHandler', 86400, NULL, NULL, 'sequential', NULL, NULL);
INSERT INTO public.workflow_activity_templates (template_id, phase_name, activity_name, activity_type, activity_order, description, is_manual, is_optional, required_role, auto_complete_on_event, is_active, created_at, updated_at, handler_name, timeout_seconds, retry_policy, conditional_expression, execution_mode, created_by_id, updated_by_id) VALUES (100, 'Planning', 'Report Owner Approval', 'APPROVAL', 5, 'Report owner approves test attributes', true, false, 'Report Owner', NULL, true, '2025-07-11 08:49:49.623656-04', '2025-07-11 08:49:49.623656-04', 'ManualActivityHandler', 172800, NULL, NULL, 'sequential', NULL, NULL);
INSERT INTO public.workflow_activity_templates (template_id, phase_name, activity_name, activity_type, activity_order, description, is_manual, is_optional, required_role, auto_complete_on_event, is_active, created_at, updated_at, handler_name, timeout_seconds, retry_policy, conditional_expression, execution_mode, created_by_id, updated_by_id) VALUES (142, 'Finalize Test Report', 'Quality Review', 'APPROVAL', 4, 'Quality review of test report', true, false, 'Test Manager', NULL, true, '2025-07-11 08:49:49.623656-04', '2025-07-11 08:49:49.623656-04', 'ManualActivityHandler', 172800, NULL, NULL, 'sequential', NULL, NULL);
INSERT INTO public.workflow_activity_templates (template_id, phase_name, activity_name, activity_type, activity_order, description, is_manual, is_optional, required_role, auto_complete_on_event, is_active, created_at, updated_at, handler_name, timeout_seconds, retry_policy, conditional_expression, execution_mode, created_by_id, updated_by_id) VALUES (96, 'Planning', 'Start Planning Phase', 'START', 1, 'Initialize planning phase', false, false, NULL, NULL, true, '2025-07-11 08:49:49.623656-04', '2025-07-11 08:49:49.623656-04', 'AutomatedActivityHandler', 60, '{"max_attempts": 3, "initial_interval": 2, "max_interval": 60, "backoff": 2}', NULL, 'sequential', NULL, NULL);
INSERT INTO public.workflow_activity_templates (template_id, phase_name, activity_name, activity_type, activity_order, description, is_manual, is_optional, required_role, auto_complete_on_event, is_active, created_at, updated_at, handler_name, timeout_seconds, retry_policy, conditional_expression, execution_mode, created_by_id, updated_by_id) VALUES (97, 'Planning', 'Generate Attributes', 'TASK', 2, 'Generate test attributes using LLM', false, false, 'Tester', NULL, true, '2025-07-11 08:49:49.623656-04', '2025-07-11 08:49:49.623656-04', 'GenerateAttributesHandler', 900, '{"max_attempts": 3, "initial_interval": 2, "max_interval": 60, "backoff": 2}', NULL, 'sequential', NULL, NULL);
INSERT INTO public.workflow_activity_templates (template_id, phase_name, activity_name, activity_type, activity_order, description, is_manual, is_optional, required_role, auto_complete_on_event, is_active, created_at, updated_at, handler_name, timeout_seconds, retry_policy, conditional_expression, execution_mode, created_by_id, updated_by_id) VALUES (107, 'Scoping', 'Start Scoping Phase', 'START', 1, 'Initialize scoping phase', false, false, NULL, NULL, true, '2025-07-11 08:49:49.623656-04', '2025-07-11 08:49:49.623656-04', 'AutomatedActivityHandler', 60, '{"max_attempts": 3, "initial_interval": 2, "max_interval": 60, "backoff": 2}', NULL, 'sequential', NULL, NULL);
INSERT INTO public.workflow_activity_templates (template_id, phase_name, activity_name, activity_type, activity_order, description, is_manual, is_optional, required_role, auto_complete_on_event, is_active, created_at, updated_at, handler_name, timeout_seconds, retry_policy, conditional_expression, execution_mode, created_by_id, updated_by_id) VALUES (108, 'Scoping', 'Execute Scoping', 'TASK', 2, 'Determine which attributes to test', false, false, 'Tester', NULL, true, '2025-07-11 08:49:49.623656-04', '2025-07-11 08:49:49.623656-04', 'ExecuteScopingHandler', 1800, '{"max_attempts": 3, "initial_interval": 2, "max_interval": 60, "backoff": 2}', NULL, 'sequential', NULL, NULL);
INSERT INTO public.workflow_activity_templates (template_id, phase_name, activity_name, activity_type, activity_order, description, is_manual, is_optional, required_role, auto_complete_on_event, is_active, created_at, updated_at, handler_name, timeout_seconds, retry_policy, conditional_expression, execution_mode, created_by_id, updated_by_id) VALUES (111, 'Scoping', 'Complete Scoping Phase', 'COMPLETE', 5, 'Finalize scoping phase', false, false, NULL, NULL, true, '2025-07-11 08:49:49.623656-04', '2025-07-11 08:49:49.623656-04', 'AutomatedActivityHandler', 60, '{"max_attempts": 3, "initial_interval": 2, "max_interval": 60, "backoff": 2}', NULL, 'sequential', NULL, NULL);
INSERT INTO public.workflow_activity_templates (template_id, phase_name, activity_name, activity_type, activity_order, description, is_manual, is_optional, required_role, auto_complete_on_event, is_active, created_at, updated_at, handler_name, timeout_seconds, retry_policy, conditional_expression, execution_mode, created_by_id, updated_by_id) VALUES (112, 'Sample Selection', 'Start Sample Selection', 'START', 1, 'Initialize sample selection phase', false, false, NULL, NULL, true, '2025-07-11 08:49:49.623656-04', '2025-07-11 08:49:49.623656-04', 'AutomatedActivityHandler', 60, '{"max_attempts": 3, "initial_interval": 2, "max_interval": 60, "backoff": 2}', NULL, 'sequential', NULL, NULL);
INSERT INTO public.workflow_activity_templates (template_id, phase_name, activity_name, activity_type, activity_order, description, is_manual, is_optional, required_role, auto_complete_on_event, is_active, created_at, updated_at, handler_name, timeout_seconds, retry_policy, conditional_expression, execution_mode, created_by_id, updated_by_id) VALUES (113, 'Sample Selection', 'Generate Samples', 'TASK', 2, 'Generate test samples with LOB tagging', false, false, 'Tester', NULL, true, '2025-07-11 08:49:49.623656-04', '2025-07-11 08:49:49.623656-04', 'GenerateSamplesHandler', 900, '{"max_attempts": 3, "initial_interval": 2, "max_interval": 60, "backoff": 2}', NULL, 'sequential', NULL, NULL);
INSERT INTO public.workflow_activity_templates (template_id, phase_name, activity_name, activity_type, activity_order, description, is_manual, is_optional, required_role, auto_complete_on_event, is_active, created_at, updated_at, handler_name, timeout_seconds, retry_policy, conditional_expression, execution_mode, created_by_id, updated_by_id) VALUES (116, 'Sample Selection', 'Complete Sample Selection', 'COMPLETE', 5, 'Finalize sample selection phase', false, false, NULL, NULL, true, '2025-07-11 08:49:49.623656-04', '2025-07-11 08:49:49.623656-04', 'AutomatedActivityHandler', 60, '{"max_attempts": 3, "initial_interval": 2, "max_interval": 60, "backoff": 2}', NULL, 'sequential', NULL, NULL);
INSERT INTO public.workflow_activity_templates (template_id, phase_name, activity_name, activity_type, activity_order, description, is_manual, is_optional, required_role, auto_complete_on_event, is_active, created_at, updated_at, handler_name, timeout_seconds, retry_policy, conditional_expression, execution_mode, created_by_id, updated_by_id) VALUES (117, 'Data Owner Identification', 'Start Data Owner ID', 'START', 1, 'Initialize data owner identification phase', false, false, NULL, NULL, true, '2025-07-11 08:49:49.623656-04', '2025-07-11 08:49:49.623656-04', 'AutomatedActivityHandler', 60, '{"max_attempts": 3, "initial_interval": 2, "max_interval": 60, "backoff": 2}', NULL, 'sequential', NULL, NULL);
INSERT INTO public.workflow_activity_templates (template_id, phase_name, activity_name, activity_type, activity_order, description, is_manual, is_optional, required_role, auto_complete_on_event, is_active, created_at, updated_at, handler_name, timeout_seconds, retry_policy, conditional_expression, execution_mode, created_by_id, updated_by_id) VALUES (121, 'Data Owner Identification', 'Complete Provider ID', 'COMPLETE', 5, 'Finalize data owner identification phase', false, false, NULL, NULL, true, '2025-07-11 08:49:49.623656-04', '2025-07-11 08:49:49.623656-04', 'AutomatedActivityHandler', 60, '{"max_attempts": 3, "initial_interval": 2, "max_interval": 60, "backoff": 2}', NULL, 'sequential', NULL, NULL);
INSERT INTO public.workflow_activity_templates (template_id, phase_name, activity_name, activity_type, activity_order, description, is_manual, is_optional, required_role, auto_complete_on_event, is_active, created_at, updated_at, handler_name, timeout_seconds, retry_policy, conditional_expression, execution_mode, created_by_id, updated_by_id) VALUES (122, 'Request for Information', 'Start Request Info', 'START', 1, 'Initialize request for information phase', false, false, NULL, NULL, true, '2025-07-11 08:49:49.623656-04', '2025-07-11 08:49:49.623656-04', 'AutomatedActivityHandler', 60, '{"max_attempts": 3, "initial_interval": 2, "max_interval": 60, "backoff": 2}', NULL, 'sequential', NULL, NULL);
INSERT INTO public.workflow_activity_templates (template_id, phase_name, activity_name, activity_type, activity_order, description, is_manual, is_optional, required_role, auto_complete_on_event, is_active, created_at, updated_at, handler_name, timeout_seconds, retry_policy, conditional_expression, execution_mode, created_by_id, updated_by_id) VALUES (135, 'Observation Management', 'Review Observations', 'REVIEW', 3, 'Review and categorize observations', true, false, 'Tester', NULL, true, '2025-07-11 08:49:49.623656-04', '2025-07-11 08:49:49.623656-04', 'ManualActivityHandler', 86400, NULL, NULL, 'parallel', NULL, NULL);
INSERT INTO public.workflow_activity_templates (template_id, phase_name, activity_name, activity_type, activity_order, description, is_manual, is_optional, required_role, auto_complete_on_event, is_active, created_at, updated_at, handler_name, timeout_seconds, retry_policy, conditional_expression, execution_mode, created_by_id, updated_by_id) VALUES (136, 'Observation Management', 'Data Owner Response', 'TASK', 4, 'Data owner provides response to observations', true, false, 'Data Owner', NULL, true, '2025-07-11 08:49:49.623656-04', '2025-07-11 08:49:49.623656-04', 'ManualActivityHandler', 86400, NULL, NULL, 'parallel', NULL, NULL);
INSERT INTO public.workflow_activity_templates (template_id, phase_name, activity_name, activity_type, activity_order, description, is_manual, is_optional, required_role, auto_complete_on_event, is_active, created_at, updated_at, handler_name, timeout_seconds, retry_policy, conditional_expression, execution_mode, created_by_id, updated_by_id) VALUES (106, 'Data Profiling', 'Complete Data Profiling', 'COMPLETE', 5, 'Finalize data profiling phase', false, false, NULL, NULL, true, '2025-07-11 08:49:49.623656-04', '2025-07-11 08:49:49.623656-04', 'AutomatedActivityHandler', 60, '{"max_attempts": 3, "initial_interval": 2, "max_interval": 60, "backoff": 2}', NULL, 'sequential', NULL, NULL);
INSERT INTO public.workflow_activity_templates (template_id, phase_name, activity_name, activity_type, activity_order, description, is_manual, is_optional, required_role, auto_complete_on_event, is_active, created_at, updated_at, handler_name, timeout_seconds, retry_policy, conditional_expression, execution_mode, created_by_id, updated_by_id) VALUES (105, 'Data Profiling', 'Review Profiling Results', 'REVIEW', 4, 'Review and validate profiling results', true, false, 'Tester', 'tester_rules_sent_for_approval', true, '2025-07-11 08:49:49.623656-04', '2025-07-11 08:49:49.623656-04', 'ManualActivityHandler', 86400, NULL, NULL, 'sequential', NULL, NULL);
INSERT INTO public.workflow_activity_templates (template_id, phase_name, activity_name, activity_type, activity_order, description, is_manual, is_optional, required_role, auto_complete_on_event, is_active, created_at, updated_at, handler_name, timeout_seconds, retry_policy, conditional_expression, execution_mode, created_by_id, updated_by_id) VALUES (103, 'Data Profiling', 'Upload Data Files', 'TASK', 2, 'Upload data files for profiling', true, false, 'Tester', NULL, true, '2025-07-11 08:49:49.623656-04', '2025-07-11 08:49:49.623656-04', 'ManualActivityHandler', 86400, NULL, NULL, 'sequential', NULL, NULL);
INSERT INTO public.workflow_activity_templates (template_id, phase_name, activity_name, activity_type, activity_order, description, is_manual, is_optional, required_role, auto_complete_on_event, is_active, created_at, updated_at, handler_name, timeout_seconds, retry_policy, conditional_expression, execution_mode, created_by_id, updated_by_id) VALUES (128, 'Test Execution', 'Start Test Execution', 'START', 1, 'Initialize test execution phase', false, false, NULL, NULL, true, '2025-07-11 08:49:49.623656-04', '2025-07-11 08:49:49.623656-04', 'AutomatedActivityHandler', 60, '{"max_attempts": 3, "initial_interval": 2, "max_interval": 60, "backoff": 2}', NULL, 'sequential', NULL, NULL);
INSERT INTO public.workflow_activity_templates (template_id, phase_name, activity_name, activity_type, activity_order, description, is_manual, is_optional, required_role, auto_complete_on_event, is_active, created_at, updated_at, handler_name, timeout_seconds, retry_policy, conditional_expression, execution_mode, created_by_id, updated_by_id) VALUES (133, 'Observation Management', 'Start Observation Management', 'START', 1, 'Initialize observation management phase', false, false, NULL, NULL, true, '2025-07-11 08:49:49.623656-04', '2025-07-11 08:49:49.623656-04', 'AutomatedActivityHandler', 60, '{"max_attempts": 3, "initial_interval": 2, "max_interval": 60, "backoff": 2}', NULL, 'sequential', NULL, NULL);
INSERT INTO public.workflow_activity_templates (template_id, phase_name, activity_name, activity_type, activity_order, description, is_manual, is_optional, required_role, auto_complete_on_event, is_active, created_at, updated_at, handler_name, timeout_seconds, retry_policy, conditional_expression, execution_mode, created_by_id, updated_by_id) VALUES (101, 'Planning', 'Complete Planning Phase', 'COMPLETE', 6, 'Finalize planning phase', false, false, NULL, NULL, true, '2025-07-11 08:49:49.623656-04', '2025-07-11 08:49:49.623656-04', 'AutomatedActivityHandler', 60, '{"max_attempts": 3, "initial_interval": 2, "max_interval": 60, "backoff": 2}', NULL, 'sequential', NULL, NULL);
INSERT INTO public.workflow_activity_templates (template_id, phase_name, activity_name, activity_type, activity_order, description, is_manual, is_optional, required_role, auto_complete_on_event, is_active, created_at, updated_at, handler_name, timeout_seconds, retry_policy, conditional_expression, execution_mode, created_by_id, updated_by_id) VALUES (140, 'Finalize Test Report', 'Generate Report Sections', 'TASK', 2, 'Generate test report sections', false, false, NULL, NULL, true, '2025-07-11 08:49:49.623656-04', '2025-07-11 08:49:49.623656-04', 'GenerateReportSectionsHandler', 900, '{"max_attempts": 3, "initial_interval": 2, "max_interval": 60, "backoff": 2}', NULL, 'sequential', NULL, NULL);
INSERT INTO public.workflow_activity_templates (template_id, phase_name, activity_name, activity_type, activity_order, description, is_manual, is_optional, required_role, auto_complete_on_event, is_active, created_at, updated_at, handler_name, timeout_seconds, retry_policy, conditional_expression, execution_mode, created_by_id, updated_by_id) VALUES (143, 'Finalize Test Report', 'Generate Final Report', 'TASK', 5, 'Generate final PDF report', false, false, NULL, NULL, true, '2025-07-11 08:49:49.623656-04', '2025-07-11 08:49:49.623656-04', 'GenerateFinalReportHandler', 900, '{"max_attempts": 3, "initial_interval": 2, "max_interval": 60, "backoff": 2}', NULL, 'sequential', NULL, NULL);
INSERT INTO public.workflow_activity_templates (template_id, phase_name, activity_name, activity_type, activity_order, description, is_manual, is_optional, required_role, auto_complete_on_event, is_active, created_at, updated_at, handler_name, timeout_seconds, retry_policy, conditional_expression, execution_mode, created_by_id, updated_by_id) VALUES (144, 'Finalize Test Report', 'Complete Report Finalization', 'COMPLETE', 6, 'Mark report as finalized', false, false, NULL, NULL, true, '2025-07-11 08:49:49.623656-04', '2025-07-11 08:49:49.623656-04', 'AutomatedActivityHandler', 60, '{"max_attempts": 3, "initial_interval": 2, "max_interval": 60, "backoff": 2}', NULL, 'sequential', NULL, NULL);
INSERT INTO public.workflow_activity_templates (template_id, phase_name, activity_name, activity_type, activity_order, description, is_manual, is_optional, required_role, auto_complete_on_event, is_active, created_at, updated_at, handler_name, timeout_seconds, retry_policy, conditional_expression, execution_mode, created_by_id, updated_by_id) VALUES (139, 'Finalize Test Report', 'Start Report Finalization', 'START', 1, 'Initialize report finalization phase', false, false, NULL, NULL, true, '2025-07-11 08:49:49.623656-04', '2025-07-11 08:49:49.623656-04', 'AutomatedActivityHandler', 60, '{"max_attempts": 3, "initial_interval": 2, "max_interval": 60, "backoff": 2}', '{"all_observations_complete": true}', 'sequential', NULL, NULL);
INSERT INTO public.workflow_activity_templates (template_id, phase_name, activity_name, activity_type, activity_order, description, is_manual, is_optional, required_role, auto_complete_on_event, is_active, created_at, updated_at, handler_name, timeout_seconds, retry_policy, conditional_expression, execution_mode, created_by_id, updated_by_id) VALUES (125, 'Request for Information', 'Validate Data Upload', 'TASK', 4, 'Validate uploaded data completeness', false, false, NULL, NULL, true, '2025-07-11 08:49:49.623656-04', '2025-07-11 08:49:49.623656-04', 'ValidateDataUploadHandler', 300, '{"max_attempts": 3, "initial_interval": 2, "max_interval": 60, "backoff": 2}', NULL, 'parallel', NULL, NULL);
INSERT INTO public.workflow_activity_templates (template_id, phase_name, activity_name, activity_type, activity_order, description, is_manual, is_optional, required_role, auto_complete_on_event, is_active, created_at, updated_at, handler_name, timeout_seconds, retry_policy, conditional_expression, execution_mode, created_by_id, updated_by_id) VALUES (126, 'Request for Information', 'Generate Test Cases', 'TASK', 5, 'Generate test cases for uploaded data', false, false, NULL, NULL, true, '2025-07-11 08:49:49.623656-04', '2025-07-11 08:49:49.623656-04', 'GenerateTestCasesHandler', 900, '{"max_attempts": 3, "initial_interval": 2, "max_interval": 60, "backoff": 2}', NULL, 'parallel', NULL, NULL);
INSERT INTO public.workflow_activity_templates (template_id, phase_name, activity_name, activity_type, activity_order, description, is_manual, is_optional, required_role, auto_complete_on_event, is_active, created_at, updated_at, handler_name, timeout_seconds, retry_policy, conditional_expression, execution_mode, created_by_id, updated_by_id) VALUES (127, 'Request for Information', 'Data Upload Complete', 'COMPLETE', 6, 'Mark data upload as complete', false, false, NULL, NULL, true, '2025-07-11 08:49:49.623656-04', '2025-07-11 08:49:49.623656-04', 'AutomatedActivityHandler', 60, '{"max_attempts": 3, "initial_interval": 2, "max_interval": 60, "backoff": 2}', NULL, 'parallel', NULL, NULL);
INSERT INTO public.workflow_activity_templates (template_id, phase_name, activity_name, activity_type, activity_order, description, is_manual, is_optional, required_role, auto_complete_on_event, is_active, created_at, updated_at, handler_name, timeout_seconds, retry_policy, conditional_expression, execution_mode, created_by_id, updated_by_id) VALUES (129, 'Test Execution', 'Execute Tests', 'TASK', 2, 'Execute tests on uploaded document', false, false, NULL, NULL, true, '2025-07-11 08:49:49.623656-04', '2025-07-11 08:49:49.623656-04', 'ExecuteTestsHandler', 1800, '{"max_attempts": 3, "initial_interval": 2, "max_interval": 60, "backoff": 2}', NULL, 'parallel', NULL, NULL);
INSERT INTO public.workflow_activity_templates (template_id, phase_name, activity_name, activity_type, activity_order, description, is_manual, is_optional, required_role, auto_complete_on_event, is_active, created_at, updated_at, handler_name, timeout_seconds, retry_policy, conditional_expression, execution_mode, created_by_id, updated_by_id) VALUES (132, 'Test Execution', 'Complete Test Execution', 'COMPLETE', 5, 'Mark test execution as complete', false, false, NULL, NULL, true, '2025-07-11 08:49:49.623656-04', '2025-07-11 08:49:49.623656-04', 'AutomatedActivityHandler', 60, '{"max_attempts": 3, "initial_interval": 2, "max_interval": 60, "backoff": 2}', NULL, 'parallel', NULL, NULL);
INSERT INTO public.workflow_activity_templates (template_id, phase_name, activity_name, activity_type, activity_order, description, is_manual, is_optional, required_role, auto_complete_on_event, is_active, created_at, updated_at, handler_name, timeout_seconds, retry_policy, conditional_expression, execution_mode, created_by_id, updated_by_id) VALUES (134, 'Observation Management', 'Create Observations', 'TASK', 2, 'Create observations for test failures', false, false, NULL, NULL, true, '2025-07-11 08:49:49.623656-04', '2025-07-11 08:49:49.623656-04', 'CreateObservationsHandler', 300, '{"max_attempts": 3, "initial_interval": 2, "max_interval": 60, "backoff": 2}', NULL, 'parallel', NULL, NULL);
INSERT INTO public.workflow_activity_templates (template_id, phase_name, activity_name, activity_type, activity_order, description, is_manual, is_optional, required_role, auto_complete_on_event, is_active, created_at, updated_at, handler_name, timeout_seconds, retry_policy, conditional_expression, execution_mode, created_by_id, updated_by_id) VALUES (138, 'Observation Management', 'Complete Observation Management', 'COMPLETE', 6, 'Mark observation management as complete', false, false, NULL, NULL, true, '2025-07-11 08:49:49.623656-04', '2025-07-11 08:49:49.623656-04', 'AutomatedActivityHandler', 60, '{"max_attempts": 3, "initial_interval": 2, "max_interval": 60, "backoff": 2}', NULL, 'parallel', NULL, NULL);
INSERT INTO public.workflow_activity_templates (template_id, phase_name, activity_name, activity_type, activity_order, description, is_manual, is_optional, required_role, auto_complete_on_event, is_active, created_at, updated_at, handler_name, timeout_seconds, retry_policy, conditional_expression, execution_mode, created_by_id, updated_by_id) VALUES (102, 'Data Profiling', 'Start Data Profiling', 'START', 1, 'Initialize data profiling phase', false, false, NULL, NULL, true, '2025-07-11 08:49:49.623656-04', '2025-07-11 08:49:49.623656-04', 'AutomatedActivityHandler', 60, '{"max_attempts": 3, "initial_interval": 2, "max_interval": 60, "backoff": 2}', NULL, 'sequential', NULL, NULL);
INSERT INTO public.workflow_activity_templates (template_id, phase_name, activity_name, activity_type, activity_order, description, is_manual, is_optional, required_role, auto_complete_on_event, is_active, created_at, updated_at, handler_name, timeout_seconds, retry_policy, conditional_expression, execution_mode, created_by_id, updated_by_id) VALUES (104, 'Data Profiling', 'Generate Data Profiling Rules', 'TASK', 3, 'Generate data profiling rules using AI', false, false, 'Tester', NULL, true, '2025-07-11 08:49:49.623656-04', '2025-07-11 08:49:49.623656-04', 'DataProfilingHandler', 1800, '{"max_attempts": 3, "initial_interval": 2, "max_interval": 60, "backoff": 2}', NULL, 'sequential', NULL, NULL);


ALTER TABLE public.workflow_activity_templates ENABLE TRIGGER ALL;

--
-- Name: lobs_lob_id_seq; Type: SEQUENCE SET; Schema: public; Owner: -
--

SELECT pg_catalog.setval('public.lobs_lob_id_seq', 347, true);


--
-- Name: users_user_id_seq; Type: SEQUENCE SET; Schema: public; Owner: -
--

SELECT pg_catalog.setval('public.users_user_id_seq', 364, true);


--
-- Name: workflow_activity_dependencies_dependency_id_seq; Type: SEQUENCE SET; Schema: public; Owner: -
--

SELECT pg_catalog.setval('public.workflow_activity_dependencies_dependency_id_seq', 53, true);


--
-- Name: workflow_activity_templates_template_id_seq; Type: SEQUENCE SET; Schema: public; Owner: -
--

SELECT pg_catalog.setval('public.workflow_activity_templates_template_id_seq', 145, true);


--
-- PostgreSQL database dump complete
--

